{
  "SubRules": [
    {
      "Name": "ActionSendBullet",
      "FilterObj": "ActionSendBullet",
      "Search": [
        {
          "Field": "BulletID",
          "ParseFile": {
            "Files": [
              "bullet_config_json.bytes"
            ],
            "Type": "BulletDefinitionRoot"
          },
          "Search": [
            {
              "Field": "Objects",
              "FilterId": "ID",
              "Search": [
                {
                  "Field": "PrefabName"
                },
                {
                  "Field": "EmitEffect"
                },
                {
                  "Field": "ImpactEffect"
                }
              ]
            }
          ]
        }
      ]
    },
    {
      "Name": "ActionSummon",
      "FilterObj": "ActionSummon",
      "Search": [
        {
          "Field": "InteractID",
          "ParseFile": {
            "Files": [
              "interact_config_json.bytes"
            ],
            "Type": "InteractUnitDefinitionRoot"
          },
          "Search": [
            {
              "Field": "Objects",
              "FilterId": "ID",
              "Search": [
                {
                  "Field": "PrefabName"
                }
              ]
            }
          ]
        }
      ]
    },
    {
      "Name": "ActionCure",
      "FilterObj": "ActionCure",
      "Search": [
        {
          "Field": "Effect"
        }
      ]
    },
    {
      "Name": "ActionState",
      "FilterObj": "ActionState",
      "Search": [
        {
          "Field": "Effect"
        }
      ]
    },
    {
      "Name": "ActionDash",
      "FilterObj": "ActionDash",
      "Search": [
        {
          "Field": "Effect"
        }
      ]
    },
    {
      "Name": "ActionDogpile",
      "FilterObj": "ActionDogpile",
      "Search": [
        {
          "Field": "Effect"
        }
      ]
    }
  ],
  "MainRules": [
    {
      "ParseFile": {
        "Files": [
          "unit.*"
        ],
        "Type": "UnitDefinition"
      },
      "Search": [
        {
          "Field": "UnitProperties",
          "Search": [
            {
              "Field": "FirstSlotSkillList",
              "ParseFile": {
                "Files": [
                  "skill_config_json.bytes"
                ],
                "Type": "SkillDefinitionRoot"
              },
              "Search": [
                {
                  "Field": "Objects",
                  "FilterId": "ID",
                  "Search": [
                    {
                      "Field": "LevelSkills",
                      "Search": [
                        {
                          "Field": "SettleActions",
                          "Sub": "ActionSendBullet"
                        },
                        {
                          "Field": "SettleActions",
                          "Sub": "ActionSummon"
                        },
                        {
                          "Field": "SettleActions",
                          "Sub": "ActionCure"
                        },
                        {
                          "Field": "SettleActions",
                          "Sub": "ActionDash"
                        },
                        {
                          "Field": "SettleActions",
                          "Sub": "ActionDogpile"
                        },
                        {
                          "Field": "TriggerActions",
                          "Sub": "ActionState"
                        }
                      ]
                    },
                    {
                      "Field": "StartEffect"
                    },
                    {
                      "Field": "EndEffect"
                    }
                  ]
                }
              ]
            },
            {
              "Field": "SecondSlotSkillList",
              "ParseFile": {
                "Files": [
                  "skill_config_json.bytes"
                ],
                "Type": "SkillDefinitionRoot"
              },
              "Search": [
                {
                  "Field": "Objects",
                  "FilterId": "ID",
                  "Search": [
                    {
                      "Field": "LevelSkills",
                      "Search": [
                        {
                          "Field": "SettleActions",
                          "Sub": "ActionSendBullet"
                        },
                        {
                          "Field": "SettleActions",
                          "Sub": "ActionSummon"
                        },
                        {
                          "Field": "SettleActions",
                          "Sub": "ActionCure"
                        },
                        {
                          "Field": "SettleActions",
                          "Sub": "ActionDash"
                        },
                        {
                          "Field": "SettleActions",
                          "Sub": "ActionDogpile"
                        },
                        {
                          "Field": "TriggerActions",
                          "Sub": "ActionState"
                        }
                      ]
                    },
                    {
                      "Field": "StartEffect"
                    },
                    {
                      "Field": "EndEffect"
                    }
                  ]
                }
              ]
            },
            {
              "Field": "ThirdSlotSkillList",
              "ParseFile": {
                "Files": [
                  "skill_config_json.bytes"
                ],
                "Type": "SkillDefinitionRoot"
              },
              "Search": [
                {
                  "Field": "Objects",
                  "FilterId": "ID",
                  "Search": [
                    {
                      "Field": "LevelSkills",
                      "Search": [
                        {
                          "Field": "SettleActions",
                          "Sub": "ActionSendBullet"
                        },
                        {
                          "Field": "SettleActions",
                          "Sub": "ActionSummon"
                        },
                        {
                          "Field": "SettleActions",
                          "Sub": "ActionCure"
                        },
                        {
                          "Field": "SettleActions",
                          "Sub": "ActionDash"
                        },
                        {
                          "Field": "SettleActions",
                          "Sub": "ActionDogpile"
                        },
                        {
                          "Field": "TriggerActions",
                          "Sub": "ActionState"
                        }
                      ]
                    },
                    {
                      "Field": "StartEffect"
                    },
                    {
                      "Field": "EndEffect"
                    }
                  ]
                }
              ]
            },
            {
              "Field": "AttackActions",
              "Sub": "ActionSendBullet"
            }
          ]
        }
      ]
    }
  ]
}